Technique,Depression
Placebo,27
Placebo,16
Placebo,18
Placebo,26
Placebo,18
Placebo,28
Placebo,25
Placebo,20
Placebo,24
Placebo,26
Cognitive,10
Cognitive,8
Cognitive,14
Cognitive,16
Cognitive,18
Cognitive,8
Cognitive,12
Cognitive,14
Cognitive,9
Cognitive,7
Assertiveness,16
Assertiveness,18
Assertiveness,12
Assertiveness,15
Assertiveness,9
Assertiveness,13
Assertiveness,17
Assertiveness,20
Assertiveness,21
Assertiveness,19
Exercise,26
Exercise,24
Exercise,17
Exercise,23
Exercise,25
Exercise,22
Exercise,16
Exercise,15
Exercise,18
Exercise,23